time,position,theta
0,1.5,-322.545
0.01,0.5,192.44
0.02,0.499425,-7.45138
0.03,0.498135,-7.30397
0.04,0.496272,-7.17616
0.05,0.493888,-7.05122
0.06,0.491047,-6.93188
0.07,0.487814,-6.81971
0.08,0.484256,-6.71574
0.09,0.480437,-6.62056
0.1,0.476416,-6.53433
0.11,0.47225,-6.45696
0.12,0.467989,-6.38816
0.13,0.463679,-6.32751
0.14,0.459359,-6.27451
0.15,0.455064,-6.22866
0.16,0.450823,-6.18942
0.17,0.446661,-6.15626
0.18,0.442599,-6.12866
0.19,0.438655,-6.10614
0.2,0.434842,-6.08823
0.21,0.431171,-6.07448
0.22,0.42765,-6.06448
0.23,0.424284,-6.05781
0.24,0.421078,-6.05411
0.25,0.418031,-6.05304
0.26,0.415145,-6.05424
0.27,0.412417,-6.05742
0.28,0.409845,-6.06229
0.29,0.407425,-6.06859
0.3,0.405153,-6.07606
0.31,0.403021,-6.08449
0.32,0.401025,-6.09366
0.33,0.399158,-6.10341
0.34,0.397413,-6.11354
0.35,0.395783,-6.12392
0.36,0.39426,-6.13441
0.37,0.392837,-6.1449
0.38,0.391508,-6.15529
0.39,0.390264,-6.1655
0.4,0.389099,-6.17544
0.41,0.388005,-6.18506
0.42,0.386978,-6.19431
0.43,0.386009,-6.20315
0.44,0.385093,-6.21155
0.45,0.384224,-6.21948
0.46,0.383397,-6.22695
0.47,0.382607,-6.23393
0.48,0.381848,-6.24042
0.49,0.381118,-6.24643
0.5,0.380411,-6.25198
0.51,0.379724,-6.25705
0.52,0.379054,-6.26167
0.53,0.378397,-6.26586
0.54,0.377751,-6.26964
0.55,0.377113,-6.27301
0.56,0.37648,-6.27601
0.57,0.375852,-6.27866
0.58,0.375226,-6.28098
0.59,0.374601,-6.28299
0.6,0.373975,-6.28471
0.61,0.373348,-6.28616
0.62,0.372718,-6.28738
0.63,0.372085,-6.28836
0.64,0.371447,-6.28915
0.65,0.370806,-6.28976
0.66,0.370159,-6.2902
0.67,0.369507,-6.29049
0.68,0.36885,-6.29066
0.69,0.368188,-6.29072
0.7,0.367521,-6.29067
0.71,0.366848,-6.29054
0.72,0.36617,-6.29034
0.73,0.365487,-6.29007
0.74,0.3648,-6.28975
0.75,0.364108,-6.2894
0.76,0.363412,-6.28902
0.77,0.362711,-6.2886
0.78,0.362008,-6.28817
0.79,0.3613,-6.28773
0.8,0.36059,-6.28729
0.81,0.359877,-6.28685
0.82,0.359162,-6.28641
0.83,0.358444,-6.28598
0.839999,0.357725,-6.28557
0.849999,0.357004,-6.28516
0.859999,0.356282,-6.28477
0.869999,0.355559,-6.28439
0.879999,0.354836,-6.28404
0.889999,0.354111,-6.28371
0.899999,0.353387,-6.28339
0.909999,0.352663,-6.2831
0.919999,0.351938,-6.28282
0.929999,0.351214,-6.28257
0.939999,0.350491,-6.28234
0.949999,0.349768,-6.28212
0.959999,0.349046,-6.28193
0.969999,0.348325,-6.28175
0.979999,0.347605,-6.2816
0.989999,0.346886,-6.28145
0.999999,0.346169,-6.28133
1.01,0.345453,-6.28122
1.02,0.344738,-6.28112
1.03,0.344025,-6.28104
1.04,0.343313,-6.28097
1.05,0.342603,-6.28091
1.06,0.341894,-6.28086
1.07,0.341187,-6.28082
1.08,0.340482,-6.28079
1.09,0.339779,-6.28077
1.1,0.339077,-6.28076
1.11,0.338377,-6.28075
1.12,0.337678,-6.28074
1.13,0.336981,-6.28074
1.14,0.336286,-6.28075
1.15,0.335593,-6.28076
1.16,0.334902,-6.28077
1.17,0.334212,-6.28078
1.18,0.333523,-6.2808
1.19,0.332837,-6.28082
1.2,0.332152,-6.28084
1.21,0.331469,-6.28087
1.22,0.330787,-6.28089
1.23,0.330107,-6.28091
1.24,0.329428,-6.28093
1.25,0.328751,-6.28096
1.26,0.328076,-6.28098
1.27,0.327402,-6.281
1.28,0.32673,-6.28102
1.29,0.326059,-6.28104
1.3,0.32539,-6.28106
1.31,0.324722,-6.28109
1.32,0.324056,-6.28111
1.33,0.323391,-6.28113
1.34,0.322727,-6.28114
1.35,0.322065,-6.28116
1.36,0.321405,-6.28117
1.37,0.320745,-6.28119
1.38,0.320088,-6.2812
1.39,0.319431,-6.28121
1.4,0.318776,-6.28123
1.41,0.318122,-6.28124
1.42,0.31747,-6.28125
1.43,0.316819,-6.28126
1.44,0.316169,-6.28127
1.45,0.315521,-6.28128
1.46,0.314874,-6.28129
1.47,0.314229,-6.2813
1.48,0.313584,-6.2813
1.49,0.312941,-6.28131
1.5,0.3123,-6.28132
1.51,0.311659,-6.28132
1.52,0.31102,-6.28133
1.53,0.310382,-6.28133
1.54,0.309746,-6.28133
1.55,0.309111,-6.28134
1.56,0.308477,-6.28134
1.57,0.307844,-6.28135
1.58,0.307213,-6.28135
1.59,0.306583,-6.28136
1.6,0.305954,-6.28136
1.61,0.305327,-6.28136
1.62,0.3047,-6.28136
1.63,0.304075,-6.28137
1.64,0.303452,-6.28137
1.65,0.302829,-6.28137
1.66,0.302208,-6.28138
1.67,0.301588,-6.28138
1.68,0.30097,-6.28139
1.69,0.300352,-6.28139
1.7,0.299736,-6.28139
1.71,0.299122,-6.28139
1.72,0.298508,-6.2814
1.73,0.297896,-6.2814
1.74,0.297285,-6.2814
1.75,0.296675,-6.28141
1.76,0.296066,-6.28141
1.77,0.295459,-6.28141
1.78,0.294853,-6.28141
1.79,0.294248,-6.28141
1.8,0.293645,-6.28142
1.81,0.293042,-6.28142
1.82,0.292441,-6.28143
1.83,0.291841,-6.28143
1.84,0.291243,-6.28143
1.85,0.290645,-6.28144
1.86,0.290049,-6.28144
1.87,0.289454,-6.28145
1.88,0.28886,-6.28144
1.89,0.288268,-6.28145
1.9,0.287676,-6.28145
1.91,0.287086,-6.28146
1.92,0.286497,-6.28146
1.93,0.28591,-6.28146
1.94,0.285323,-6.28147
1.95,0.284738,-6.28147
1.96,0.284154,-6.28147
1.97,0.283571,-6.28147
1.98,0.282989,-6.28148
1.99,0.282409,-6.28148
2,0.281829,-6.28149
2.01,0.281251,-6.28149
2.02,0.280674,-6.28149
2.03,0.280098,-6.2815
2.04,0.279524,-6.2815
2.05,0.27895,-6.2815
2.06,0.278378,-6.28151
2.07,0.277807,-6.28151
2.08,0.277237,-6.28151
2.09,0.276669,-6.28152
2.1,0.276101,-6.28152
2.11,0.275535,-6.28153
2.12,0.27497,-6.28153
2.13,0.274406,-6.28153
2.14,0.273843,-6.28154
2.15,0.273281,-6.28154
2.16,0.27272,-6.28154
2.17,0.272161,-6.28155
2.18,0.271603,-6.28155
2.19,0.271046,-6.28155
2.2,0.27049,-6.28156
2.21,0.269935,-6.28156
2.22,0.269381,-6.28156
2.23,0.268828,-6.28157
2.24,0.268277,-6.28157
2.25,0.267727,-6.28158
2.26,0.267177,-6.28157
2.27,0.266629,-6.28158
2.28,0.266082,-6.28158
2.29,0.265537,-6.28159
2.3,0.264992,-6.28159
2.31,0.264448,-6.28159
2.32,0.263906,-6.2816
2.33,0.263365,-6.2816
2.34,0.262824,-6.2816
2.35,0.262285,-6.28161
2.36,0.261747,-6.28161
2.37,0.26121,-6.28161
2.38,0.260674,-6.28162
2.39,0.26014,-6.28162
2.4,0.259606,-6.28162
2.41,0.259074,-6.28162
2.42,0.258542,-6.28163
2.43,0.258012,-6.28163
2.44,0.257482,-6.28163
2.45,0.256954,-6.28163
2.46,0.256427,-6.28164
2.47,0.255901,-6.28164
2.48,0.255376,-6.28164
2.49,0.254852,-6.28165
2.5,0.25433,-6.28166
2.51,0.253808,-6.28165
2.52,0.253287,-6.28166
2.53,0.252768,-6.28166
2.54,0.252249,-6.28167
2.55,0.251732,-6.28167
2.56,0.251215,-6.28167
2.57,0.2507,-6.28168
2.58,0.250186,-6.28168
2.59,0.249673,-6.28168
2.6,0.24916,-6.28168
2.61,0.248649,-6.28169
2.62,0.248139,-6.28169
2.63,0.24763,-6.28169
2.64,0.247122,-6.2817
2.65,0.246615,-6.2817
2.66,0.24611,-6.2817
2.67,0.245605,-6.28171
2.68,0.245101,-6.28171
2.69,0.244598,-6.28171
2.7,0.244096,-6.28172
2.71,0.243596,-6.28172
2.72,0.243096,-6.28172
2.73,0.242597,-6.28173
2.74,0.2421,-6.28173
2.75,0.241603,-6.28173
2.76,0.241108,-6.28173
2.77,0.240613,-6.28174
2.78,0.240119,-6.28174
2.79,0.239627,-6.28174
2.8,0.239135,-6.28174
2.81,0.238645,-6.28175
2.82,0.238155,-6.28175
2.83,0.237667,-6.28176
2.84,0.237179,-6.28176
2.85,0.236693,-6.28176
2.86,0.236207,-6.28176
2.87,0.235723,-6.28177
2.88,0.235239,-6.28177
2.89,0.234757,-6.28177
2.9,0.234275,-6.28177
2.91,0.233794,-6.28178
2.92,0.233315,-6.28178
2.93,0.232836,-6.28178
2.94,0.232359,-6.28179
2.95,0.231882,-6.28179
2.96,0.231406,-6.28179
2.97,0.230932,-6.28179
2.98,0.230458,-6.2818
2.99,0.229985,-6.2818
3,0.229513,-6.2818
3.01,0.229043,-6.28181
3.02,0.228573,-6.28181
3.03,0.228104,-6.28181
3.04,0.227636,-6.28181
3.05,0.227169,-6.28182
3.06,0.226703,-6.28182
3.07,0.226238,-6.28182
3.08,0.225774,-6.28183
3.09,0.225311,-6.28183
3.1,0.224849,-6.28183
3.11,0.224387,-6.28183
3.12,0.223927,-6.28184
3.13,0.223468,-6.28184
3.14,0.223009,-6.28184
3.15,0.222552,-6.28185
3.16,0.222095,-6.28185
3.17,0.22164,-6.28185
3.18,0.221185,-6.28185
3.19,0.220731,-6.28186
3.2,0.220279,-6.28186
3.21,0.219827,-6.28186
3.22,0.219376,-6.28186
3.23,0.218926,-6.28187
3.24,0.218477,-6.28187
3.25,0.218029,-6.28187
3.26,0.217581,-6.28187
3.27,0.217135,-6.28188
3.28,0.21669,-6.28188
3.29,0.216245,-6.28188
3.3,0.215802,-6.28189
3.31,0.215359,-6.28189
3.32,0.214917,-6.28189
3.33,0.214476,-6.2819
3.34,0.214036,-6.2819
3.35,0.213597,-6.2819
3.36,0.213159,-6.2819
3.37,0.212722,-6.2819
3.38,0.212286,-6.28191
3.39,0.21185,-6.28191
3.4,0.211416,-6.28191
3.41,0.210982,-6.28191
3.42,0.210549,-6.28192
3.43,0.210117,-6.28192
3.44,0.209686,-6.28192
3.45,0.209256,-6.28192
3.46,0.208827,-6.28193
3.47,0.208398,-6.28193
3.48,0.207971,-6.28193
3.49,0.207544,-6.28193
3.5,0.207119,-6.28194
3.51,0.206694,-6.28194
3.52,0.20627,-6.28194
3.53,0.205847,-6.28195
3.54,0.205424,-6.28195
3.55,0.205003,-6.28195
3.56,0.204582,-6.28195
3.57,0.204163,-6.28195
3.58,0.203744,-6.28196
3.59,0.203326,-6.28196
3.6,0.202909,-6.28196
3.61,0.202493,-6.28197
3.62,0.202077,-6.28197
3.63,0.201663,-6.28197
3.64,0.201249,-6.28197
3.65,0.200836,-6.28197
3.66,0.200424,-6.28198
3.67,0.200013,-6.28198
3.68,0.199603,-6.28198
3.69,0.199194,-6.28199
3.7,0.198785,-6.28199
3.71,0.198377,-6.28199
3.72,0.19797,-6.28199
3.73,0.197564,-6.28199
3.74,0.197159,-6.282
3.75,0.196754,-6.282
3.76,0.196351,-6.282
3.77,0.195948,-6.282
3.78,0.195546,-6.28201
3.79,0.195145,-6.28201
3.8,0.194745,-6.28201
3.81,0.194345,-6.28202
3.82,0.193947,-6.28202
3.83,0.193549,-6.28202
3.84,0.193152,-6.28202
3.85,0.192755,-6.28202
3.86,0.19236,-6.28203
3.87,0.191966,-6.28203
3.88,0.191572,-6.28203
3.89,0.191179,-6.28203
3.9,0.190787,-6.28204
3.91,0.190395,-6.28204
3.92,0.190005,-6.28204
3.93,0.189615,-6.28204
3.94,0.189226,-6.28205
3.95,0.188838,-6.28205
3.96,0.18845,-6.28205
3.97,0.188064,-6.28205
3.98,0.187678,-6.28205
3.99,0.187293,-6.28206
4,0.186909,-6.28206
4.01,0.186526,-6.28206
4.02,0.186143,-6.28206
4.03,0.185761,-6.28207
4.04,0.18538,-6.28207
4.05,0.185,-6.28207
4.06,0.18462,-6.28207
4.07,0.184242,-6.28207
4.08,0.183864,-6.28208
4.09,0.183486,-6.28208
4.1,0.18311,-6.28208
4.11,0.182734,-6.28208
4.12,0.18236,-6.28209
4.13,0.181986,-6.28209
4.14,0.181612,-6.28209
4.15,0.18124,-6.28209
4.16,0.180868,-6.2821
4.17,0.180497,-6.2821
4.18,0.180127,-6.2821
4.19,0.179757,-6.2821
4.2,0.179388,-6.28211
4.21,0.17902,-6.28211
4.22,0.178653,-6.28211
4.23,0.178287,-6.28211
4.24,0.177921,-6.28211
4.25,0.177556,-6.28211
4.26,0.177192,-6.28212
4.27,0.176828,-6.28212
4.28,0.176466,-6.28212
4.29,0.176104,-6.28212
4.3,0.175742,-6.28213
4.31,0.175382,-6.28213
4.32,0.175022,-6.28213
4.33,0.174663,-6.28213
4.34,0.174305,-6.28214
4.35,0.173947,-6.28214
4.36,0.173591,-6.28214
4.37001,0.173234,-6.28214
4.38001,0.172879,-6.28215
4.39001,0.172524,-6.28214
4.40001,0.172171,-6.28215
4.41001,0.171817,-6.28215
4.42001,0.171465,-6.28215
4.43001,0.171113,-6.28215
4.44001,0.170762,-6.28216
4.45001,0.170412,-6.28216
4.46001,0.170062,-6.28216
4.47001,0.169714,-6.28216
4.48001,0.169365,-6.28216
4.49001,0.169018,-6.28217
4.50001,0.168671,-6.28217
4.51001,0.168325,-6.28217
4.52001,0.16798,-6.28217
4.53001,0.167635,-6.28218
4.54001,0.167292,-6.28218
4.55001,0.166948,-6.28218
4.56001,0.166606,-6.28218
4.57001,0.166264,-6.28218
4.58001,0.165923,-6.28219
4.59001,0.165583,-6.28219
4.60001,0.165243,-6.28219
4.61001,0.164904,-6.28219
4.62001,0.164566,-6.28219
4.63001,0.164228,-6.2822
4.64001,0.163891,-6.2822
4.65001,0.163555,-6.2822
4.66001,0.16322,-6.2822
4.67001,0.162885,-6.2822
4.68001,0.162551,-6.28221
4.69001,0.162217,-6.28221
4.70001,0.161885,-6.28221
4.71001,0.161553,-6.28221
4.72001,0.161221,-6.28222
4.73001,0.16089,-6.28222
4.74001,0.16056,-6.28222
4.75001,0.160231,-6.28222
4.76001,0.159902,-6.28222
4.77001,0.159574,-6.28223
4.78001,0.159247,-6.28223
4.79001,0.15892,-6.28223
4.80001,0.158594,-6.28223
4.81002,0.158269,-6.28223
4.82002,0.157944,-6.28224
4.83002,0.15762,-6.28223
4.84002,0.157297,-6.28224
4.85002,0.156974,-6.28224
4.86002,0.156652,-6.28224
4.87002,0.156331,-6.28224
4.88002,0.15601,-6.28225
4.89002,0.15569,-6.28225
4.90002,0.155371,-6.28225
4.91002,0.155052,-6.28225
4.92002,0.154734,-6.28225
4.93002,0.154417,-6.28225
4.94002,0.1541,-6.28226
4.95002,0.153784,-6.28226
4.96002,0.153469,-6.28226
4.97002,0.153154,-6.28226
4.98002,0.15284,-6.28226
4.99002,0.152526,-6.28227
5.00002,0.152213,-6.28227
5.01002,0.151901,-6.28227
5.02002,0.151589,-6.28227
5.03002,0.151278,-6.28227
5.04002,0.150968,-6.28228
5.05002,0.150658,-6.28228
5.06002,0.150349,-6.28228
5.07002,0.150041,-6.28228
5.08002,0.149733,-6.28228
5.09002,0.149426,-6.28229
5.10002,0.149119,-6.28229
5.11002,0.148814,-6.28229
5.12002,0.148508,-6.28229
5.13002,0.148204,-6.28229
5.14002,0.1479,-6.28229
5.15002,0.147596,-6.2823
5.16002,0.147294,-6.2823
5.17002,0.146991,-6.2823
5.18002,0.14669,-6.2823
5.19002,0.146389,-6.2823
5.20002,0.146089,-6.2823
5.21002,0.145789,-6.28231
5.22002,0.14549,-6.28231
5.23002,0.145192,-6.28231
5.24003,0.144894,-6.28231
5.25003,0.144596,-6.28232
5.26003,0.1443,-6.28232
5.27003,0.144004,-6.28232
5.28003,0.143708,-6.28232
5.29003,0.143414,-6.28232
5.30003,0.14312,-6.28232
5.31003,0.142826,-6.28232
5.32003,0.142533,-6.28233
5.33003,0.142241,-6.28233
5.34003,0.141949,-6.28233
5.35003,0.141658,-6.28233
5.36003,0.141367,-6.28233
5.37003,0.141077,-6.28233
5.38003,0.140788,-6.28234
5.39003,0.140499,-6.28234
5.40003,0.140211,-6.28234
5.41003,0.139923,-6.28234
5.42003,0.139636,-6.28234
5.43003,0.13935,-6.28235
5.44003,0.139064,-6.28235
5.45003,0.138778,-6.28235
5.46003,0.138494,-6.28235
5.47003,0.13821,-6.28235
5.48003,0.137926,-6.28236
5.49003,0.137643,-6.28236
5.50003,0.137361,-6.28236
5.51003,0.137079,-6.28236
5.52003,0.136798,-6.28236
5.53003,0.136517,-6.28236
5.54003,0.136237,-6.28236
5.55003,0.135958,-6.28236
5.56003,0.135679,-6.28237
5.57003,0.135401,-6.28237
5.58003,0.135123,-6.28237
5.59003,0.134846,-6.28237
5.60003,0.134569,-6.28237
5.61003,0.134293,-6.28238
5.62003,0.134018,-6.28238
5.63003,0.133743,-6.28238
5.64003,0.133468,-6.28238
5.65003,0.133194,-6.28238
5.66003,0.132921,-6.28238
5.67003,0.132649,-6.28239
5.68004,0.132376,-6.28239
5.69004,0.132105,-6.28239
5.70004,0.131834,-6.28239
5.71004,0.131564,-6.28239
5.72004,0.131294,-6.28239
5.73004,0.131024,-6.2824
5.74004,0.130756,-6.2824
5.75004,0.130487,-6.2824
5.76004,0.13022,-6.2824
5.77004,0.129953,-6.2824
5.78004,0.129686,-6.2824
5.79004,0.12942,-6.28241
5.80004,0.129155,-6.28241
5.81004,0.12889,-6.28241
5.82004,0.128625,-6.28241
5.83004,0.128361,-6.28241
5.84004,0.128098,-6.28241
5.85004,0.127835,-6.28242
5.86004,0.127573,-6.28242
5.87004,0.127311,-6.28242
5.88004,0.12705,-6.28242
5.89004,0.12679,-6.28242
5.90004,0.126529,-6.28242
5.91004,0.12627,-6.28243
5.92004,0.126011,-6.28242
5.93004,0.125752,-6.28243
5.94004,0.125494,-6.28243
5.95004,0.125237,-6.28243
5.96004,0.12498,-6.28243
5.97004,0.124724,-6.28243
5.98004,0.124468,-6.28244
5.99004,0.124213,-6.28244
6.00004,0.123958,-6.28244
6.01004,0.123704,-6.28244
6.02004,0.12345,-6.28244
6.03004,0.123197,-6.28244
6.04004,0.122944,-6.28244
6.05004,0.122692,-6.28245
6.06004,0.12244,-6.28245
6.07004,0.122189,-6.28245
6.08004,0.121938,-6.28245
6.09004,0.121688,-6.28245
6.10004,0.121438,-6.28245
6.11004,0.121189,-6.28245
6.12005,0.120941,-6.28246
6.13005,0.120693,-6.28246
6.14005,0.120445,-6.28246
6.15005,0.120198,-6.28246
6.16005,0.119951,-6.28246
6.17005,0.119705,-6.28246
6.18005,0.11946,-6.28247
6.19005,0.119215,-6.28247
6.20005,0.11897,-6.28247
6.21005,0.118726,-6.28247
6.22005,0.118483,-6.28247
6.23005,0.11824,-6.28247
6.24005,0.117997,-6.28247
6.25005,0.117755,-6.28248
6.26005,0.117513,-6.28248
6.27005,0.117272,-6.28248
6.28005,0.117032,-6.28248
6.29005,0.116792,-6.28248
6.30005,0.116552,-6.28248
6.31005,0.116313,-6.28248
6.32005,0.116074,-6.28249
6.33005,0.115836,-6.28249
6.34005,0.115599,-6.28249
6.35005,0.115362,-6.28249
6.36005,0.115125,-6.28249
6.37005,0.114889,-6.28249
6.38005,0.114653,-6.2825
6.39005,0.114418,-6.2825
6.40005,0.114183,-6.2825
6.41005,0.113949,-6.2825
6.42005,0.113715,-6.2825
6.43005,0.113482,-6.2825
6.44005,0.113249,-6.2825
6.45005,0.113017,-6.2825
6.46005,0.112785,-6.28251
6.47005,0.112554,-6.28251
6.48005,0.112323,-6.28251
6.49005,0.112093,-6.28251
6.50005,0.111863,-6.28251
6.51005,0.111633,-6.28251
6.52005,0.111404,-6.28251
6.53005,0.111176,-6.28252
6.54005,0.110948,-6.28252
6.55006,0.11072,-6.28252
6.56006,0.110493,-6.28252
6.57006,0.110266,-6.28252
6.58006,0.11004,-6.28252
6.59006,0.109814,-6.28252
6.60006,0.109589,-6.28253
6.61006,0.109364,-6.28253
6.62006,0.10914,-6.28253
6.63006,0.108916,-6.28253
6.64006,0.108693,-6.28253
6.65006,0.10847,-6.28253
6.66006,0.108247,-6.28253
6.67006,0.108025,-6.28253
6.68006,0.107803,-6.28254
6.69006,0.107582,-6.28254
6.70006,0.107362,-6.28254
6.71006,0.107141,-6.28254
6.72006,0.106922,-6.28254
6.73006,0.106702,-6.28254
6.74006,0.106483,-6.28254
6.75006,0.106265,-6.28255
6.76006,0.106047,-6.28255
6.77006,0.105829,-6.28255
6.78006,0.105612,-6.28255
6.79006,0.105396,-6.28255
6.80006,0.10518,-6.28255
6.81006,0.104964,-6.28255
6.82006,0.104749,-6.28256
6.83006,0.104534,-6.28256
6.84006,0.104319,-6.28256
6.85006,0.104105,-6.28256
6.86006,0.103892,-6.28256
6.87006,0.103679,-6.28256
6.88006,0.103466,-6.28256
6.89006,0.103254,-6.28256
6.90006,0.103042,-6.28256
6.91006,0.10283,-6.28257
6.92006,0.10262,-6.28257
6.93006,0.102409,-6.28257
6.94006,0.102199,-6.28257
6.95006,0.101989,-6.28257
6.96006,0.10178,-6.28257
6.97006,0.101571,-6.28257
6.98006,0.101363,-6.28257
6.99007,0.101155,-6.28258
7.00007,0.100948,-6.28258
7.01007,0.10074,-6.28258
7.02007,0.100534,-6.28258
7.03007,0.100328,-6.28258
7.04007,0.100122,-6.28258
7.05007,0.0999164,-6.28258
7.06007,0.0997115,-6.28258
7.07007,0.0995069,-6.28259
7.08007,0.0993028,-6.28259
7.09007,0.0990991,-6.28259
7.10007,0.0988958,-6.28259
7.11007,0.098693,-6.28259
7.12007,0.0984905,-6.28259
7.13007,0.0982885,-6.28259
7.14007,0.0980869,-6.28259
7.15007,0.0978857,-6.2826
7.16007,0.0976849,-6.2826
7.17007,0.0974845,-6.2826
7.18007,0.0972845,-6.2826
7.19007,0.097085,-6.2826
7.20007,0.0968858,-6.2826
7.21007,0.0966871,-6.2826
7.22007,0.0964888,-6.2826
7.23007,0.0962908,-6.28261
7.24007,0.0960933,-6.28261
7.25007,0.0958962,-6.28261
7.26007,0.0956995,-6.28261
7.27007,0.0955032,-6.28261
7.28007,0.0953073,-6.28261
7.29007,0.0951118,-6.28261
7.30007,0.0949167,-6.28261
7.31007,0.094722,-6.28262
7.32007,0.0945277,-6.28262
7.33007,0.0943338,-6.28262
7.34007,0.0941403,-6.28262
7.35007,0.0939472,-6.28262
7.36007,0.0937544,-6.28262
7.37007,0.0935621,-6.28262
7.38007,0.0933702,-6.28262
7.39007,0.0931787,-6.28262
7.40007,0.0929875,-6.28262
7.41007,0.0927968,-6.28263
7.42007,0.0926064,-6.28263
7.43008,0.0924165,-6.28263
7.44008,0.0922269,-6.28263
7.45008,0.0920377,-6.28263
7.46008,0.0918489,-6.28263
7.47008,0.0916605,-6.28263
7.48008,0.0914725,-6.28263
7.49008,0.0912849,-6.28264
7.50008,0.0910976,-6.28264
7.51008,0.0909107,-6.28264
7.52008,0.0907243,-6.28264
7.53008,0.0905382,-6.28264
7.54008,0.0903524,-6.28264
7.55008,0.0901671,-6.28264
7.56008,0.0899821,-6.28264
7.57008,0.0897976,-6.28264
7.58008,0.0896134,-6.28265
7.59008,0.0894295,-6.28265
7.60008,0.0892461,-6.28265
7.61008,0.089063,-6.28265
7.62008,0.0888803,-6.28265
7.63008,0.088698,-6.28265
7.64008,0.0885161,-6.28265
7.65008,0.0883345,-6.28265
7.66008,0.0881533,-6.28266
7.67008,0.0879725,-6.28266
7.68008,0.087792,-6.28266
7.69008,0.0876119,-6.28266
7.70008,0.0874322,-6.28266
7.71008,0.0872528,-6.28266
7.72008,0.0870739,-6.28266
7.73008,0.0868952,-6.28266
7.74008,0.086717,-6.28266
7.75008,0.0865391,-6.28266
7.76008,0.0863616,-6.28266
7.77008,0.0861844,-6.28267
7.78008,0.0860077,-6.28267
7.79008,0.0858312,-6.28267
7.80008,0.0856552,-6.28267
7.81008,0.0854795,-6.28267
7.82008,0.0853041,-6.28267
7.83008,0.0851291,-6.28267
7.84008,0.0849545,-6.28267
7.85008,0.0847802,-6.28267
7.86009,0.0846063,-6.28268
7.87009,0.0844328,-6.28268
7.88009,0.0842596,-6.28268
7.89009,0.0840867,-6.28268
7.90009,0.0839143,-6.28268
7.91009,0.0837421,-6.28268
7.92009,0.0835703,-6.28268
7.93009,0.0833989,-6.28268
7.94009,0.0832278,-6.28268
7.95009,0.0830571,-6.28269
7.96009,0.0828867,-6.28269
7.97009,0.0827167,-6.28269
7.98009,0.082547,-6.28269
7.99009,0.0823777,-6.28269
8.00009,0.0822087,-6.28269
8.01009,0.0820401,-6.28269
8.02009,0.0818718,-6.28269
8.03009,0.0817039,-6.28269
8.04009,0.0815363,-6.28269
8.05009,0.081369,-6.2827
8.06009,0.0812021,-6.2827
8.07009,0.0810355,-6.2827
8.08009,0.0808693,-6.2827
8.09009,0.0807034,-6.2827
8.10009,0.0805379,-6.2827
8.11009,0.0803726,-6.2827
8.12009,0.0802078,-6.2827
8.13009,0.0800432,-6.2827
8.14009,0.0798791,-6.2827
8.15009,0.0797152,-6.28271
8.16009,0.0795517,-6.28271
8.17009,0.0793885,-6.28271
8.18009,0.0792256,-6.28271
8.19009,0.0790631,-6.28271
8.20009,0.0789009,-6.28271
8.21009,0.0787391,-6.28271
8.22009,0.0785776,-6.28271
8.23009,0.0784164,-6.28271
8.24009,0.0782555,-6.28271
8.25009,0.078095,-6.28271
8.26009,0.0779348,-6.28272
8.27009,0.0777749,-6.28272
8.28009,0.0776154,-6.28272
8.29009,0.0774562,-6.28272
8.30009,0.0772973,-6.28272
8.31009,0.0771387,-6.28272
8.3201,0.0769805,-6.28272
8.3301,0.0768226,-6.28272
8.3401,0.076665,-6.28272
8.3501,0.0765077,-6.28273
8.3601,0.0763508,-6.28273
8.3701,0.0761942,-6.28273
8.3801,0.0760379,-6.28273
8.3901,0.0758819,-6.28273
8.4001,0.0757262,-6.28273
8.4101,0.0755709,-6.28273
8.4201,0.0754159,-6.28273
8.4301,0.0752612,-6.28273
8.4401,0.0751068,-6.28273
8.4501,0.0749527,-6.28273
8.4601,0.074799,-6.28273
8.4701,0.0746455,-6.28273
8.4801,0.0744924,-6.28274
8.4901,0.0743396,-6.28274
8.5001,0.0741871,-6.28274
8.5101,0.074035,-6.28274
8.5201,0.0738831,-6.28274
8.5301,0.0737315,-6.28274
8.5401,0.0735803,-6.28274
8.5501,0.0734294,-6.28274
8.5601,0.0732787,-6.28274
8.5701,0.0731284,-6.28274
8.5801,0.0729784,-6.28274
8.5901,0.0728287,-6.28275
8.6001,0.0726793,-6.28275
8.6101,0.0725302,-6.28275
8.6201,0.0723814,-6.28275
8.6301,0.072233,-6.28275
8.6401,0.0720848,-6.28275
8.6501,0.0719369,-6.28275
8.6601,0.0717894,-6.28275
8.6701,0.0716421,-6.28275
8.6801,0.0714952,-6.28275
8.6901,0.0713485,-6.28276
8.7001,0.0712021,-6.28276
8.7101,0.0710561,-6.28276
8.7201,0.0709103,-6.28276
8.7301,0.0707649,-6.28276
8.7401,0.0706197,-6.28276
8.7501,0.0704748,-6.28276
8.76011,0.0703303,-6.28276
8.77011,0.070186,-6.28276
8.78011,0.0700421,-6.28276
8.79011,0.0698984,-6.28276
8.80011,0.069755,-6.28277
8.81011,0.0696119,-6.28277
8.82011,0.0694691,-6.28277
8.83011,0.0693266,-6.28277
8.84011,0.0691844,-6.28277
8.85011,0.0690425,-6.28277
8.86011,0.0689009,-6.28277
8.87011,0.0687595,-6.28277
8.88011,0.0686185,-6.28277
8.89011,0.0684777,-6.28277
8.90011,0.0683372,-6.28277
8.91011,0.0681971,-6.28277
8.92011,0.0680572,-6.28278
8.93011,0.0679176,-6.28278
8.94011,0.0677782,-6.28278
8.95011,0.0676392,-6.28278
8.96011,0.0675005,-6.28278
8.97011,0.067362,-6.28278
8.98011,0.0672238,-6.28278
8.99011,0.0670859,-6.28278
9.00011,0.0669483,-6.28278
9.01011,0.066811,-6.28278
9.02011,0.0666739,-6.28278
9.03011,0.0665372,-6.28278
9.04011,0.0664007,-6.28279
9.05011,0.0662645,-6.28279
9.06011,0.0661285,-6.28279
9.07011,0.0659929,-6.28279
9.08011,0.0658575,-6.28279
9.09011,0.0657224,-6.28279
9.10011,0.0655876,-6.28279
9.11011,0.065453,-6.28279
9.12011,0.0653188,-6.28279
9.13011,0.0651848,-6.28279
9.14011,0.0650511,-6.28279
9.15011,0.0649176,-6.28279
9.16011,0.0647845,-6.28279
9.17011,0.0646516,-6.28279
9.18011,0.0645189,-6.2828
9.19011,0.0643866,-6.2828
9.20012,0.0642545,-6.2828
9.21012,0.0641227,-6.2828
9.22012,0.0639912,-6.2828
9.23012,0.0638599,-6.2828
9.24012,0.0637289,-6.2828
9.25012,0.0635982,-6.2828
9.26012,0.0634677,-6.2828
9.27012,0.0633375,-6.2828
9.28012,0.0632076,-6.2828
9.29012,0.063078,-6.28281
9.30012,0.0629486,-6.28281
9.31012,0.0628194,-6.28281
9.32012,0.0626906,-6.28281
9.33012,0.062562,-6.28281
9.34012,0.0624336,-6.28281
9.35012,0.0623056,-6.28281
9.36012,0.0621778,-6.28281
9.37012,0.0620502,-6.28281
9.38012,0.0619229,-6.28281
9.39012,0.0617959,-6.28281
9.40012,0.0616692,-6.28281
9.41012,0.0615427,-6.28281
9.42012,0.0614164,-6.28282
9.43012,0.0612904,-6.28282
9.44012,0.0611647,-6.28282
9.45012,0.0610392,-6.28282
9.46012,0.060914,-6.28282
9.47012,0.0607891,-6.28282
9.48012,0.0606644,-6.28282
9.49012,0.0605399,-6.28282
9.50012,0.0604157,-6.28282
9.51012,0.0602918,-6.28282
9.52012,0.0601681,-6.28282
9.53012,0.0600447,-6.28282
9.54012,0.0599216,-6.28282
9.55012,0.0597986,-6.28282
9.56012,0.059676,-6.28283
9.57012,0.0595536,-6.28283
9.58012,0.0594314,-6.28283
9.59012,0.0593095,-6.28283
9.60012,0.0591878,-6.28283
9.61012,0.0590664,-6.28283
9.62012,0.0589453,-6.28283
9.63013,0.0588243,-6.28283
9.64013,0.0587037,-6.28283
9.65013,0.0585833,-6.28283
9.66013,0.0584631,-6.28283
9.67013,0.0583432,-6.28283
9.68013,0.0582235,-6.28283
9.69013,0.0581041,-6.28284
9.70013,0.0579849,-6.28284
9.71013,0.0578659,-6.28284
9.72013,0.0577472,-6.28284
9.73013,0.0576288,-6.28284
9.74013,0.0575106,-6.28284
9.75013,0.0573926,-6.28284
9.76013,0.0572749,-6.28284
9.77013,0.0571574,-6.28284
9.78013,0.0570401,-6.28284
9.79013,0.0569231,-6.28284
9.80013,0.0568064,-6.28284
9.81013,0.0566898,-6.28284
9.82013,0.0565736,-6.28284
9.83013,0.0564575,-6.28285
9.84013,0.0563417,-6.28285
9.85013,0.0562261,-6.28285
9.86013,0.0561108,-6.28285
9.87013,0.0559957,-6.28285
9.88013,0.0558808,-6.28285
9.89013,0.0557662,-6.28285
9.90013,0.0556518,-6.28285
9.91013,0.0555377,-6.28285
9.92013,0.0554237,-6.28285
9.93013,0.0553101,-6.28285
9.94013,0.0551966,-6.28285
9.95013,0.0550834,-6.28285
9.96013,0.0549704,-6.28285
9.97013,0.0548576,-6.28286
9.98013,0.0547451,-6.28286
9.99013,0.0546328,-6.28286
10.0001,0.0545207,-6.28286
10.0101,0.0544089,-6.28286
10.0201,0.0542973,-6.28286
10.0301,0.0541859,-6.28286
10.0401,0.0540748,-6.28286
10.0501,0.0539638,-6.28286
10.0601,0.0538531,-6.28286
10.0701,0.0537427,-6.28286
10.0801,0.0536324,-6.28286
10.0901,0.0535224,-6.28286
10.1001,0.0534126,-6.28286
10.1101,0.0533031,-6.28286
10.1201,0.0531937,-6.28287
10.1301,0.0530846,-6.28287
10.1401,0.0529757,-6.28287
10.1501,0.052867,-6.28287
10.1601,0.0527586,-6.28287
10.1701,0.0526504,-6.28287
10.1801,0.0525424,-6.28287
10.1901,0.0524346,-6.28287
10.2001,0.052327,-6.28287
10.2101,0.0522197,-6.28287
10.2201,0.0521126,-6.28287
10.2301,0.0520057,-6.28287
10.2401,0.051899,-6.28287
10.2501,0.0517925,-6.28287
10.2601,0.0516863,-6.28288
10.2701,0.0515802,-6.28287
10.2801,0.0514744,-6.28288
10.2901,0.0513688,-6.28288
10.3001,0.0512635,-6.28288
10.3101,0.0511583,-6.28288
10.3201,0.0510534,-6.28288
10.3301,0.0509486,-6.28288
10.3401,0.0508441,-6.28288
10.3501,0.0507398,-6.28288
10.3601,0.0506357,-6.28288
10.3701,0.0505318,-6.28288
10.3801,0.0504282,-6.28288
10.3901,0.0503247,-6.28288
10.4001,0.0502215,-6.28288
10.4101,0.0501185,-6.28288
10.4201,0.0500157,-6.28288
10.4301,0.0499131,-6.28289
10.4401,0.0498107,-6.28289
10.4501,0.0497085,-6.28289
10.4601,0.0496065,-6.28289
10.4701,0.0495048,-6.28289
10.4801,0.0494032,-6.28289
10.4901,0.0493019,-6.28289
10.5001,0.0492008,-6.28289
10.5101,0.0490998,-6.28289
10.5201,0.0489991,-6.28289
10.5301,0.0488986,-6.28289
10.5401,0.0487983,-6.28289
10.5501,0.0486982,-6.28289
10.5601,0.0485983,-6.28289
10.5701,0.0484986,-6.28289
10.5801,0.0483991,-6.28289
10.5901,0.0482998,-6.28289
10.6001,0.0482008,-6.28289
10.6101,0.0481019,-6.2829
10.6201,0.0480032,-6.2829
10.6301,0.0479048,-6.2829
10.6401,0.0478065,-6.2829
10.6501,0.0477084,-6.2829
10.6601,0.0476106,-6.2829
10.6701,0.0475129,-6.2829
10.6801,0.0474154,-6.2829
10.6901,0.0473182,-6.2829
10.7001,0.0472211,-6.2829
10.7101,0.0471242,-6.2829
10.7201,0.0470276,-6.2829
10.7302,0.0469311,-6.2829
10.7402,0.0468348,-6.2829
10.7502,0.0467388,-6.2829
10.7602,0.0466429,-6.2829
10.7702,0.0465472,-6.28291
10.7802,0.0464517,-6.28291
10.7902,0.0463565,-6.28291
10.8002,0.0462614,-6.28291
10.8102,0.0461665,-6.28291
10.8202,0.0460718,-6.28291
10.8302,0.0459773,-6.28291
10.8402,0.0458829,-6.28291
10.8502,0.0457888,-6.28291
10.8602,0.0456949,-6.28291
10.8702,0.0456012,-6.28291
10.8802,0.0455076,-6.28291
10.8902,0.0454143,-6.28291
10.9002,0.0453211,-6.28291
10.9102,0.0452281,-6.28291
10.9202,0.0451354,-6.28291
10.9302,0.0450428,-6.28291
10.9402,0.0449504,-6.28291
10.9502,0.0448582,-6.28291
10.9602,0.0447661,-6.28292
10.9702,0.0446743,-6.28292
10.9802,0.0445827,-6.28292
10.9902,0.0444912,-6.28292
11.0002,0.0444,-6.28292
11.0102,0.0443089,-6.28292
11.0202,0.044218,-6.28292
11.0302,0.0441273,-6.28292
11.0402,0.0440368,-6.28292
11.0502,0.0439464,-6.28292
11.0602,0.0438563,-6.28292
11.0702,0.0437663,-6.28292
11.0802,0.0436765,-6.28292
11.0902,0.0435869,-6.28292
11.1002,0.0434975,-6.28292
11.1102,0.0434083,-6.28292
11.1202,0.0433193,-6.28292
11.1302,0.0432304,-6.28293
11.1402,0.0431417,-6.28293
11.1502,0.0430532,-6.28293
11.1602,0.0429649,-6.28293
11.1702,0.0428768,-6.28293
11.1802,0.0427888,-6.28293
11.1902,0.0427011,-6.28293
11.2002,0.0426135,-6.28293
11.2102,0.0425261,-6.28293
11.2202,0.0424388,-6.28293
11.2302,0.0423518,-6.28293
11.2402,0.0422649,-6.28293
11.2502,0.0421782,-6.28293
11.2602,0.0420917,-6.28293
11.2702,0.0420053,-6.28293
11.2802,0.0419192,-6.28293
11.2902,0.0418332,-6.28293
11.3002,0.0417474,-6.28293
11.3102,0.0416617,-6.28293
11.3202,0.0415763,-6.28294
11.3302,0.041491,-6.28294
11.3402,0.0414059,-6.28294
11.3502,0.041321,-6.28294
11.3602,0.0412362,-6.28294
11.3702,0.0411516,-6.28294
11.3802,0.0410672,-6.28294
11.3902,0.040983,-6.28294
11.4002,0.0408989,-6.28294
11.4102,0.040815,-6.28294
11.4202,0.0407313,-6.28294
11.4302,0.0406477,-6.28294
11.4402,0.0405643,-6.28294
11.4502,0.0404811,-6.28294
11.4602,0.0403981,-6.28294
11.4702,0.0403152,-6.28294
11.4802,0.0402325,-6.28294
11.4902,0.04015,-6.28294
11.5002,0.0400676,-6.28294
11.5102,0.0399854,-6.28295
11.5202,0.0399034,-6.28294
11.5302,0.0398216,-6.28294
11.5402,0.0397399,-6.28295
11.5502,0.0396584,-6.28295
11.5602,0.039577,-6.28295
11.5702,0.0394958,-6.28295
11.5802,0.0394148,-6.28295
11.5902,0.039334,-6.28295
11.6002,0.0392533,-6.28295
11.6102,0.0391727,-6.28295
11.6202,0.0390924,-6.28295
11.6302,0.0390122,-6.28295
11.6402,0.0389322,-6.28295
11.6502,0.0388523,-6.28295
11.6602,0.0387726,-6.28295
11.6702,0.0386931,-6.28295
11.6802,0.0386137,-6.28295
11.6902,0.0385345,-6.28295
11.7002,0.0384555,-6.28295
11.7102,0.0383766,-6.28295
11.7202,0.0382979,-6.28295
11.7302,0.0382193,-6.28296
11.7402,0.0381409,-6.28296
11.7502,0.0380627,-6.28296
11.7602,0.0379846,-6.28296
11.7702,0.0379067,-6.28296
11.7802,0.0378289,-6.28296
11.7902,0.0377513,-6.28296
11.8002,0.0376739,-6.28296
11.8102,0.0375966,-6.28296
11.8202,0.0375195,-6.28296
11.8302,0.0374425,-6.28296
11.8402,0.0373657,-6.28296
11.8502,0.0372891,-6.28296
11.8602,0.0372126,-6.28296
11.8702,0.0371362,-6.28296
11.8802,0.0370601,-6.28296
11.8902,0.036984,-6.28296
11.9002,0.0369082,-6.28296
11.9102,0.0368325,-6.28296
11.9202,0.0367569,-6.28296
11.9302,0.0366815,-6.28297
11.9402,0.0366063,-6.28297
11.9502,0.0365312,-6.28297
11.9602,0.0364562,-6.28297
11.9702,0.0363815,-6.28297
11.9802,0.0363068,-6.28297
11.9902,0.0362324,-6.28297
12.0002,0.036158,-6.28297
12.0102,0.0360839,-6.28297
12.0202,0.0360099,-6.28297
12.0302,0.035936,-6.28297
12.0402,0.0358623,-6.28297
12.0502,0.0357887,-6.28297
12.0602,0.0357153,-6.28297
12.0702,0.035642,-6.28297
12.0802,0.0355689,-6.28297
12.0902,0.035496,-6.28297
12.1002,0.0354232,-6.28297
12.1102,0.0353505,-6.28297
12.1202,0.035278,-6.28297
12.1302,0.0352056,-6.28297
12.1402,0.0351334,-6.28297
12.1502,0.0350613,-6.28297
12.1602,0.0349894,-6.28297
12.1702,0.0349176,-6.28297
12.1802,0.034846,-6.28298
12.1902,0.0347745,-6.28298
12.2002,0.0347032,-6.28298
12.2102,0.034632,-6.28298
12.2202,0.034561,-6.28298
12.2302,0.0344901,-6.28298
12.2402,0.0344193,-6.28298
12.2502,0.0343487,-6.28298
12.2602,0.0342783,-6.28298
12.2702,0.0342079,-6.28298
12.2802,0.0341378,-6.28298
12.2902,0.0340677,-6.28298
12.3002,0.0339979,-6.28298
12.3102,0.0339281,-6.28298
12.3202,0.0338585,-6.28298
12.3302,0.0337891,-6.28298
12.3402,0.0337198,-6.28298
12.3502,0.0336506,-6.28298
12.3602,0.0335816,-6.28298
12.3702,0.0335127,-6.28298
12.3802,0.033444,-6.28298
12.3902,0.0333754,-6.28298
12.4002,0.0333069,-6.28298
12.4102,0.0332386,-6.28299
12.4202,0.0331704,-6.28299
12.4302,0.0331024,-6.28299
12.4402,0.0330345,-6.28299
12.4502,0.0329667,-6.28299
12.4602,0.0328991,-6.28299
12.4702,0.0328316,-6.28299
12.4802,0.0327642,-6.28299
12.4902,0.032697,-6.28299
12.5002,0.03263,-6.28299
12.5102,0.032563,-6.28299
12.5202,0.0324962,-6.28299
12.5302,0.0324296,-6.28299
12.5402,0.0323631,-6.28299
12.5502,0.0322967,-6.28299
12.5602,0.0322304,-6.28299
12.5702,0.0321643,-6.28299
12.5802,0.0320983,-6.28299
12.5902,0.0320325,-6.28299
12.6002,0.0319668,-6.28299
12.6102,0.0319012,-6.28299
12.6202,0.0318358,-6.28299
12.6302,0.0317705,-6.28299
12.6402,0.0317053,-6.283
12.6502,0.0316403,-6.28299
12.6602,0.0315754,-6.283
12.6702,0.0315106,-6.283
12.6802,0.031446,-6.283
12.6902,0.0313814,-6.283
12.7002,0.0313171,-6.283
12.7102,0.0312528,-6.283
12.7202,0.0311887,-6.283
12.7302,0.0311247,-6.283
12.7402,0.0310609,-6.283
12.7502,0.0309972,-6.283
12.7602,0.0309336,-6.283
12.7702,0.0308701,-6.283
12.7802,0.0308068,-6.283
12.7902,0.0307436,-6.283
12.8002,0.0306806,-6.283
12.8102,0.0306176,-6.283
12.8202,0.0305548,-6.283
12.8302,0.0304921,-6.283
12.8402,0.0304296,-6.283
12.8502,0.0303672,-6.283
12.8602,0.0303049,-6.283
12.8702,0.0302427,-6.283
12.8802,0.0301807,-6.283
12.8902,0.0301188,-6.283
12.9002,0.030057,-6.283
12.9102,0.0299953,-6.283
12.9202,0.0299338,-6.283
12.9302,0.0298724,-6.28301
12.9402,0.0298111,-6.28301
12.9502,0.02975,-6.28301
12.9602,0.0296889,-6.28301
12.9702,0.029628,-6.28301
12.9802,0.0295672,-6.28301
12.9902,0.0295066,-6.28301
13.0002,0.0294461,-6.28301
13.0102,0.0293857,-6.28301
13.0202,0.0293254,-6.28301
13.0302,0.0292652,-6.28301
13.0402,0.0292052,-6.28301
13.0502,0.0291453,-6.28301
13.0602,0.0290855,-6.28301
13.0702,0.0290258,-6.28301
13.0802,0.0289663,-6.28301
13.0902,0.0289069,-6.28301
13.1002,0.0288476,-6.28301
13.1102,0.0287884,-6.28301
13.1202,0.0287294,-6.28301
13.1302,0.0286704,-6.28301
13.1402,0.0286116,-6.28301
13.1502,0.0285529,-6.28301
13.1602,0.0284944,-6.28301
13.1702,0.0284359,-6.28301
13.1802,0.0283776,-6.28301
13.1902,0.0283194,-6.28301
13.2002,0.0282613,-6.28302
13.2102,0.0282033,-6.28302
13.2202,0.0281455,-6.28302
13.2302,0.0280877,-6.28302
13.2402,0.0280301,-6.28302
13.2502,0.0279726,-6.28302
13.2602,0.0279152,-6.28302
13.2702,0.027858,-6.28302
13.2802,0.0278008,-6.28302
13.2902,0.0277438,-6.28302
13.3002,0.0276869,-6.28302
13.3102,0.0276301,-6.28302
13.3202,0.0275734,-6.28302
13.3302,0.0275169,-6.28302
13.3402,0.0274604,-6.28302
13.3502,0.0274041,-6.28302
13.3602,0.0273479,-6.28302
13.3702,0.0272918,-6.28302
13.3802,0.0272358,-6.28302
13.3902,0.0271799,-6.28302
13.4002,0.0271242,-6.28302
13.4102,0.0270685,-6.28302
13.4202,0.027013,-6.28302
13.4302,0.0269576,-6.28302
13.4402,0.0269023,-6.28302
13.4502,0.0268471,-6.28302
13.4602,0.026792,-6.28302
13.4702,0.0267371,-6.28302
13.4802,0.0266822,-6.28302
13.4902,0.0266275,-6.28302
13.5002,0.0265729,-6.28303
13.5102,0.0265184,-6.28303
13.5202,0.026464,-6.28303
13.5302,0.0264097,-6.28303
13.5402,0.0263555,-6.28303
13.5502,0.0263014,-6.28303
13.5602,0.0262475,-6.28303
13.5702,0.0261937,-6.28303
13.5802,0.0261399,-6.28303
13.5902,0.0260863,-6.28303
13.6002,0.0260328,-6.28303
13.6102,0.0259794,-6.28303
13.6202,0.0259261,-6.28303
13.6302,0.0258729,-6.28303
13.6402,0.0258198,-6.28303
13.6502,0.0257669,-6.28303
13.6602,0.025714,-6.28303
13.6702,0.0256613,-6.28303
13.6802,0.0256086,-6.28303
13.6902,0.0255561,-6.28303
13.7002,0.0255037,-6.28303
13.7102,0.0254514,-6.28303
13.7202,0.0253992,-6.28303
13.7302,0.0253471,-6.28303
13.7402,0.0252951,-6.28303
13.7502,0.0252432,-6.28303
13.7602,0.0251914,-6.28303
13.7702,0.0251397,-6.28303
13.7802,0.0250882,-6.28303
13.7902,0.0250367,-6.28303
13.8002,0.0249853,-6.28303
13.8102,0.0249341,-6.28304
13.8202,0.0248829,-6.28304
13.8302,0.0248319,-6.28304
13.8402,0.024781,-6.28304
13.8502,0.0247301,-6.28304
13.8602,0.0246794,-6.28304
13.8702,0.0246288,-6.28304
13.8802,0.0245783,-6.28304
13.8902,0.0245278,-6.28304
13.9002,0.0244775,-6.28304
13.9102,0.0244273,-6.28304
13.9202,0.0243772,-6.28304
13.9302,0.0243272,-6.28304
13.9402,0.0242773,-6.28304
13.9502,0.0242275,-6.28304
13.9602,0.0241778,-6.28304
13.9702,0.0241282,-6.28304
13.9802,0.0240787,-6.28304
13.9902,0.0240293,-6.28304
14.0002,0.02398,-6.28304
14.0102,0.0239308,-6.28304
14.0202,0.0238817,-6.28304
14.0302,0.0238327,-6.28304
14.0402,0.0237838,-6.28304
14.0502,0.0237351,-6.28304
14.0602,0.0236864,-6.28304
14.0702,0.0236378,-6.28304
14.0802,0.0235893,-6.28304
14.0902,0.0235409,-6.28304
14.1002,0.0234926,-6.28304
14.1102,0.0234444,-6.28304
14.1202,0.0233963,-6.28304
14.1302,0.0233483,-6.28304
14.1402,0.0233004,-6.28305
14.1502,0.0232526,-6.28305
14.1602,0.0232049,-6.28305
14.1702,0.0231573,-6.28305
14.1802,0.0231098,-6.28305
14.1902,0.0230624,-6.28305
14.2002,0.0230151,-6.28305
14.2102,0.0229679,-6.28305
14.2202,0.0229208,-6.28305
14.2302,0.0228738,-6.28305
14.2402,0.0228268,-6.28305
14.2502,0.02278,-6.28305
14.2602,0.0227333,-6.28305
14.2702,0.0226866,-6.28305
14.2802,0.0226401,-6.28305
14.2902,0.0225936,-6.28305
14.3002,0.0225473,-6.28305
14.3102,0.022501,-6.28305
14.3202,0.0224549,-6.28305
14.3302,0.0224088,-6.28305
14.3402,0.0223628,-6.28305
14.3502,0.022317,-6.28305
14.3602,0.0222712,-6.28305
14.3702,0.0222255,-6.28305
14.3802,0.0221799,-6.28305
14.3902,0.0221344,-6.28305
14.4002,0.022089,-6.28305
14.4102,0.0220437,-6.28305
14.4202,0.0219985,-6.28305
14.4302,0.0219533,-6.28305
14.4402,0.0219083,-6.28305
14.4502,0.0218633,-6.28305
14.4602,0.0218185,-6.28305
14.4702,0.0217737,-6.28305
14.4802,0.0217291,-6.28305
14.4902,0.0216845,-6.28305
14.5002,0.02164,-6.28305
14.5102,0.0215956,-6.28306
14.5202,0.0215513,-6.28306
14.5302,0.0215071,-6.28306
14.5402,0.021463,-6.28306
14.5502,0.021419,-6.28306
14.5602,0.021375,-6.28306
14.5702,0.0213312,-6.28306
14.5802,0.0212874,-6.28306
14.5902,0.0212438,-6.28306
14.6002,0.0212002,-6.28306
14.6102,0.0211567,-6.28306
14.6202,0.0211133,-6.28306
14.6302,0.02107,-6.28306
14.6402,0.0210268,-6.28306
14.6502,0.0209836,-6.28306
14.6602,0.0209406,-6.28306
14.6702,0.0208976,-6.28306
14.6802,0.0208548,-6.28306
14.6902,0.020812,-6.28306
14.7002,0.0207693,-6.28306
14.7102,0.0207267,-6.28306
14.7202,0.0206842,-6.28306
14.7302,0.0206418,-6.28306
14.7402,0.0205994,-6.28306
14.7502,0.0205572,-6.28306
14.7602,0.020515,-6.28306
14.7702,0.0204729,-6.28306
14.7802,0.0204309,-6.28306
14.7902,0.020389,-6.28306
14.8002,0.0203472,-6.28306
14.8102,0.0203054,-6.28306
14.8202,0.0202638,-6.28306
14.8302,0.0202222,-6.28306
14.8402,0.0201807,-6.28306
14.8502,0.0201394,-6.28306
14.8602,0.020098,-6.28306
14.8702,0.0200568,-6.28306
14.8802,0.0200157,-6.28306
14.8902,0.0199746,-6.28306
14.9002,0.0199336,-6.28306
14.9102,0.0198928,-6.28307
14.9202,0.019852,-6.28307
14.9302,0.0198112,-6.28307
14.9402,0.0197706,-6.28307
14.9502,0.01973,-6.28307
14.9602,0.0196896,-6.28307
14.9702,0.0196492,-6.28307
14.9802,0.0196089,-6.28307
14.9902,0.0195687,-6.28307
15.0002,0.0195285,-6.28307
15.0102,0.0194885,-6.28307
15.0202,0.0194485,-6.28307
15.0302,0.0194086,-6.28307
15.0402,0.0193688,-6.28307
15.0502,0.0193291,-6.28307
15.0602,0.0192894,-6.28307
15.0702,0.0192498,-6.28307
15.0802,0.0192104,-6.28307
15.0903,0.0191709,-6.28307
15.1003,0.0191316,-6.28307
15.1103,0.0190924,-6.28307
15.1203,0.0190532,-6.28307
15.1303,0.0190141,-6.28307
15.1403,0.0189751,-6.28307
15.1503,0.0189362,-6.28307
15.1603,0.0188974,-6.28307
15.1703,0.0188586,-6.28307
15.1803,0.0188199,-6.28307
15.1903,0.0187813,-6.28307
15.2003,0.0187428,-6.28307
15.2103,0.0187043,-6.28307
15.2203,0.018666,-6.28307
15.2303,0.0186277,-6.28307
15.2403,0.0185895,-6.28307
15.2503,0.0185513,-6.28307
15.2603,0.0185133,-6.28307
15.2703,0.0184753,-6.28307
15.2803,0.0184374,-6.28307
15.2903,0.0183996,-6.28307
15.3003,0.0183618,-6.28307
15.3103,0.0183242,-6.28307
15.3203,0.0182866,-6.28308
15.3303,0.0182491,-6.28308
15.3403,0.0182116,-6.28308
15.3503,0.0181743,-6.28308
15.3603,0.018137,-6.28308
15.3703,0.0180998,-6.28308
15.3803,0.0180626,-6.28308
15.3903,0.0180256,-6.28308
15.4003,0.0179886,-6.28308
15.4103,0.0179517,-6.28308
15.4203,0.0179149,-6.28308
15.4303,0.0178781,-6.28308
15.4403,0.0178415,-6.28308
15.4503,0.0178049,-6.28308
15.4603,0.0177683,-6.28308
15.4703,0.0177319,-6.28308
15.4803,0.0176955,-6.28308
15.4903,0.0176592,-6.28308
15.5003,0.017623,-6.28308
15.5103,0.0175868,-6.28308
15.5203,0.0175508,-6.28308
15.5303,0.0175148,-6.28308
15.5403,0.0174788,-6.28308
15.5503,0.017443,-6.28308
15.5603,0.0174072,-6.28308
15.5703,0.0173715,-6.28308
15.5803,0.0173359,-6.28308
15.5903,0.0173003,-6.28308
15.6003,0.0172648,-6.28308
15.6103,0.0172294,-6.28308
15.6203,0.0171941,-6.28308
15.6303,0.0171588,-6.28308
15.6403,0.0171236,-6.28308
15.6503,0.0170885,-6.28308
15.6603,0.0170534,-6.28308
15.6703,0.0170184,-6.28308
15.6803,0.0169835,-6.28308
15.6903,0.0169487,-6.28308
15.7003,0.0169139,-6.28308
15.7103,0.0168792,-6.28308
15.7203,0.0168446,-6.28308
15.7303,0.01681,-6.28308
15.7403,0.0167755,-6.28308
15.7503,0.0167411,-6.28308
15.7603,0.0167068,-6.28308
15.7703,0.0166725,-6.28309
15.7803,0.0166383,-6.28308
15.7903,0.0166042,-6.28308
15.8003,0.0165701,-6.28308
15.8103,0.0165361,-6.28309
15.8203,0.0165022,-6.28309
15.8303,0.0164683,-6.28309
15.8403,0.0164346,-6.28309
15.8503,0.0164008,-6.28309
15.8603,0.0163672,-6.28309
15.8703,0.0163336,-6.28309
15.8803,0.0163001,-6.28309
15.8903,0.0162667,-6.28309
15.9003,0.0162333,-6.28309
15.9103,0.0162,-6.28309
15.9203,0.0161668,-6.28309
15.9303,0.0161336,-6.28309
15.9403,0.0161005,-6.28309
15.9503,0.0160675,-6.28309
15.9603,0.0160345,-6.28309
15.9703,0.0160016,-6.28309
15.9803,0.0159688,-6.28309
15.9903,0.0159361,-6.28309
16.0003,0.0159034,-6.28309
16.0103,0.0158708,-6.28309
16.0203,0.0158382,-6.28309
16.0303,0.0158057,-6.28309
16.0403,0.0157733,-6.28309
16.0503,0.0157409,-6.28309
16.0603,0.0157086,-6.28309
16.0703,0.0156764,-6.28309
16.0803,0.0156443,-6.28309
16.0903,0.0156122,-6.28309
16.1003,0.0155801,-6.28309
16.1103,0.0155482,-6.28309
16.1203,0.0155163,-6.28309
16.1303,0.0154845,-6.28309
16.1403,0.0154527,-6.28309
16.1503,0.015421,-6.28309
16.1603,0.0153894,-6.28309
16.1703,0.0153578,-6.28309
16.1803,0.0153263,-6.28309
16.1903,0.0152949,-6.28309
16.2003,0.0152635,-6.28309
16.2103,0.0152322,-6.28309
16.2203,0.0152009,-6.28309
16.2303,0.0151698,-6.28309
16.2403,0.0151386,-6.28309
16.2503,0.0151076,-6.28309
16.2603,0.0150766,-6.28309
16.2703,0.0150457,-6.28309
16.2803,0.0150148,-6.28309
16.2903,0.014984,-6.28309
16.3003,0.0149533,-6.28309
16.3103,0.0149226,-6.28309
16.3203,0.014892,-6.2831
16.3303,0.0148614,-6.2831
16.3403,0.014831,-6.2831
16.3503,0.0148005,-6.2831
16.3603,0.0147702,-6.2831
16.3703,0.0147399,-6.2831
16.3803,0.0147096,-6.2831
16.3903,0.0146795,-6.2831
16.4003,0.0146494,-6.2831
16.4103,0.0146193,-6.2831
16.4203,0.0145893,-6.2831
16.4303,0.0145594,-6.2831
16.4403,0.0145295,-6.2831
16.4503,0.0144997,-6.2831
16.4603,0.01447,-6.2831
16.4703,0.0144403,-6.2831
16.4803,0.0144107,-6.2831
16.4903,0.0143811,-6.2831
16.5003,0.0143516,-6.2831
16.5103,0.0143222,-6.2831
16.5203,0.0142928,-6.2831
16.5303,0.0142635,-6.2831
16.5403,0.0142342,-6.2831
16.5503,0.014205,-6.2831
16.5603,0.0141759,-6.2831
16.5703,0.0141468,-6.2831
16.5803,0.0141178,-6.2831
16.5903,0.0140888,-6.2831
16.6003,0.0140599,-6.2831
16.6103,0.0140311,-6.2831
16.6203,0.0140023,-6.2831
16.6303,0.0139736,-6.2831
16.6403,0.0139449,-6.2831
16.6503,0.0139163,-6.2831
16.6603,0.0138878,-6.2831
16.6703,0.0138593,-6.2831
16.6803,0.0138309,-6.2831
16.6903,0.0138025,-6.2831
16.7003,0.0137742,-6.2831
16.7103,0.0137459,-6.2831
16.7203,0.0137177,-6.2831
16.7303,0.0136896,-6.2831
16.7403,0.0136615,-6.2831
16.7503,0.0136335,-6.2831
16.7603,0.0136055,-6.2831
16.7703,0.0135776,-6.2831
16.7803,0.0135498,-6.2831
16.7903,0.013522,-6.2831
16.8003,0.0134942,-6.2831
16.8103,0.0134665,-6.2831
16.8203,0.0134389,-6.2831
16.8303,0.0134114,-6.28311
16.8403,0.0133838,-6.2831
16.8503,0.0133564,-6.2831
16.8603,0.013329,-6.28311
16.8703,0.0133017,-6.2831
16.8803,0.0132744,-6.28311
16.8903,0.0132471,-6.28311
16.9003,0.01322,-6.28311
16.9103,0.0131929,-6.28311
16.9203,0.0131658,-6.28311
16.9303,0.0131388,-6.28311
16.9403,0.0131118,-6.28311
16.9503,0.0130849,-6.28311
16.9603,0.0130581,-6.28311
16.9703,0.0130313,-6.28311
16.9803,0.0130046,-6.28311
16.9903,0.0129779,-6.28311
17.0003,0.0129513,-6.28311
17.0103,0.0129247,-6.28311
17.0203,0.0128982,-6.28311
17.0303,0.0128717,-6.28311
17.0403,0.0128453,-6.28311
17.0503,0.012819,-6.28311
17.0603,0.0127927,-6.28311
17.0703,0.0127665,-6.28311
17.0803,0.0127403,-6.28311
17.0903,0.0127141,-6.28311
17.1003,0.0126881,-6.28311
17.1103,0.012662,-6.28311
17.1203,0.0126361,-6.28311
17.1303,0.0126101,-6.28311
17.1403,0.0125843,-6.28311
17.1503,0.0125585,-6.28311
17.1603,0.0125327,-6.28311
17.1703,0.012507,-6.28311
17.1803,0.0124813,-6.28311
17.1903,0.0124557,-6.28311
17.2003,0.0124302,-6.28311
17.2103,0.0124047,-6.28311
17.2203,0.0123792,-6.28311
17.2303,0.0123538,-6.28311
17.2403,0.0123285,-6.28311
17.2503,0.0123032,-6.28311
17.2603,0.012278,-6.28311
17.2703,0.0122528,-6.28311
17.2803,0.0122277,-6.28311
17.2903,0.0122026,-6.28311
17.3003,0.0121775,-6.28311
17.3103,0.0121526,-6.28311
17.3203,0.0121276,-6.28311
17.3303,0.0121028,-6.28311
17.3403,0.0120779,-6.28311
17.3503,0.0120532,-6.28311
17.3603,0.0120284,-6.28311
17.3703,0.0120037,-6.28311
17.3803,0.0119791,-6.28311
17.3903,0.0119545,-6.28311
17.4003,0.01193,-6.28311
17.4103,0.0119055,-6.28311
17.4203,0.0118811,-6.28311
17.4303,0.0118567,-6.28311
17.4403,0.0118324,-6.28311
17.4503,0.0118081,-6.28311
17.4603,0.0117839,-6.28311
17.4703,0.0117598,-6.28311
17.4803,0.0117356,-6.28311
17.4903,0.0117116,-6.28311
17.5003,0.0116875,-6.28311
17.5103,0.0116636,-6.28311
17.5203,0.0116397,-6.28311
17.5303,0.0116158,-6.28311
17.5403,0.011592,-6.28311
17.5503,0.0115682,-6.28311
17.5603,0.0115445,-6.28311
17.5703,0.0115208,-6.28312
17.5803,0.0114972,-6.28312
17.5903,0.0114736,-6.28312
17.6003,0.0114501,-6.28312
17.6103,0.0114266,-6.28312
17.6203,0.0114032,-6.28312
17.6303,0.0113798,-6.28312
17.6403,0.0113564,-6.28312
17.6503,0.0113332,-6.28312
17.6603,0.0113099,-6.28312
17.6703,0.0112867,-6.28312
17.6803,0.0112636,-6.28312
17.6903,0.0112405,-6.28312
17.7003,0.0112175,-6.28312
17.7103,0.0111945,-6.28312
17.7203,0.0111715,-6.28312
17.7303,0.0111486,-6.28312
17.7403,0.0111257,-6.28312
17.7503,0.0111029,-6.28312
17.7603,0.0110802,-6.28312
17.7703,0.0110575,-6.28312
17.7803,0.0110348,-6.28312
17.7903,0.0110121,-6.28312
17.8003,0.0109896,-6.28312
17.8103,0.010967,-6.28312
17.8203,0.0109445,-6.28312
17.8303,0.0109221,-6.28312
17.8403,0.0108997,-6.28312
17.8503,0.0108773,-6.28312
17.8603,0.010855,-6.28312
17.8703,0.0108328,-6.28312
17.8803,0.0108105,-6.28312
17.8903,0.0107884,-6.28312
17.9003,0.0107662,-6.28312
17.9103,0.0107442,-6.28312
17.9203,0.0107221,-6.28312
17.9303,0.0107001,-6.28312
17.9403,0.0106782,-6.28312
17.9503,0.0106563,-6.28312
17.9603,0.0106344,-6.28312
17.9703,0.0106126,-6.28312
17.9803,0.0105908,-6.28312
17.9903,0.0105691,-6.28312
18.0003,0.0105474,-6.28312
18.0103,0.0105258,-6.28312
18.0203,0.0105042,-6.28312
18.0303,0.0104827,-6.28312
18.0403,0.0104612,-6.28312
18.0503,0.0104397,-6.28312
18.0603,0.0104183,-6.28312
18.0703,0.0103969,-6.28312
18.0803,0.0103756,-6.28312
18.0903,0.0103543,-6.28312
18.1003,0.0103331,-6.28312
18.1103,0.0103119,-6.28312
18.1203,0.0102907,-6.28312
18.1303,0.0102696,-6.28312
18.1403,0.0102485,-6.28312
18.1503,0.0102275,-6.28312
18.1603,0.0102065,-6.28312
18.1703,0.0101856,-6.28312
18.1803,0.0101647,-6.28312
18.1903,0.0101439,-6.28312
18.2003,0.0101231,-6.28312
18.2103,0.0101023,-6.28312
18.2203,0.0100816,-6.28312
18.2303,0.0100609,-6.28312
18.2403,0.0100402,-6.28313
18.2503,0.0100196,-6.28312
18.2603,0.00999909,-6.28312
18.2703,0.00997858,-6.28312
18.2803,0.00995811,-6.28313
18.2903,0.00993769,-6.28313
18.3003,0.0099173,-6.28313
18.3103,0.00989696,-6.28313
18.3203,0.00987665,-6.28313
18.3303,0.00985639,-6.28313
18.3403,0.00983617,-6.28313
18.3503,0.009816,-6.28313
18.3603,0.00979586,-6.28313
18.3703,0.00977577,-6.28313
18.3803,0.00975571,-6.28313
18.3903,0.0097357,-6.28313
18.4003,0.00971573,-6.28313
18.4103,0.0096958,-6.28313
18.4203,0.00967591,-6.28313
18.4303,0.00965606,-6.28313
18.4403,0.00963625,-6.28313
18.4503,0.00961648,-6.28313
18.4603,0.00959675,-6.28313
18.4703,0.00957707,-6.28313
18.4803,0.00955742,-6.28313
18.4903,0.00953781,-6.28313
18.5003,0.00951824,-6.28313
18.5103,0.00949872,-6.28313
18.5203,0.00947923,-6.28313
18.5303,0.00945978,-6.28313
18.5403,0.00944038,-6.28313
18.5503,0.00942101,-6.28313
18.5603,0.00940168,-6.28313
18.5703,0.00938239,-6.28313
18.5803,0.00936314,-6.28313
18.5903,0.00934393,-6.28313
18.6003,0.00932476,-6.28313
18.6103,0.00930563,-6.28313
18.6203,0.00928654,-6.28313
18.6303,0.00926749,-6.28313
18.6403,0.00924848,-6.28313
18.6503,0.0092295,-6.28313
18.6603,0.00921057,-6.28313
18.6703,0.00919167,-6.28313
18.6803,0.00917281,-6.28313
18.6903,0.00915399,-6.28313
18.7003,0.00913521,-6.28313
18.7103,0.00911647,-6.28313
18.7203,0.00909776,-6.28313
18.7303,0.0090791,-6.28313
18.7403,0.00906047,-6.28313
18.7503,0.00904188,-6.28313
18.7603,0.00902333,-6.28313
18.7703,0.00900482,-6.28313
18.7803,0.00898635,-6.28313
18.7903,0.00896791,-6.28313
18.8003,0.00894951,-6.28313
18.8103,0.00893115,-6.28313
18.8203,0.00891283,-6.28313
18.8303,0.00889455,-6.28313
18.8403,0.0088763,-6.28313
18.8503,0.00885809,-6.28313
18.8603,0.00883992,-6.28313
18.8703,0.00882179,-6.28313
18.8803,0.00880369,-6.28313
18.8903,0.00878563,-6.28313
18.9003,0.00876761,-6.28313
18.9103,0.00874962,-6.28313
18.9203,0.00873167,-6.28313
18.9303,0.00871376,-6.28313
18.9403,0.00869589,-6.28313
18.9503,0.00867805,-6.28313
18.9603,0.00866025,-6.28313
18.9703,0.00864249,-6.28313
18.9803,0.00862476,-6.28313
18.9903,0.00860707,-6.28313
19.0003,0.00858942,-6.28313
19.0103,0.0085718,-6.28313
19.0203,0.00855422,-6.28313
19.0303,0.00853667,-6.28313
19.0403,0.00851916,-6.28313
19.0503,0.00850169,-6.28313
19.0603,0.00848425,-6.28313
19.0703,0.00846685,-6.28313
19.0803,0.00844948,-6.28313
19.0903,0.00843215,-6.28313
19.1003,0.00841486,-6.28313
19.1103,0.0083976,-6.28313
19.1203,0.00838037,-6.28313
19.1303,0.00836318,-6.28313
19.1403,0.00834603,-6.28313
19.1503,0.00832891,-6.28313
19.1603,0.00831183,-6.28314
19.1703,0.00829478,-6.28314
19.1803,0.00827777,-6.28314
19.1903,0.00826079,-6.28314
19.2003,0.00824384,-6.28314
19.2103,0.00822693,-6.28314
19.2203,0.00821006,-6.28314
19.2303,0.00819322,-6.28314
19.2403,0.00817642,-6.28314
19.2503,0.00815964,-6.28314
19.2603,0.00814291,-6.28314
19.2703,0.00812621,-6.28314
19.2803,0.00810954,-6.28314
19.2903,0.00809291,-6.28314
19.3003,0.00807631,-6.28314
19.3103,0.00805974,-6.28314
19.3203,0.00804321,-6.28314
19.3303,0.00802671,-6.28314
19.3403,0.00801025,-6.28314
19.3503,0.00799382,-6.28314
19.3603,0.00797742,-6.28314
19.3703,0.00796106,-6.28314
19.3803,0.00794473,-6.28314
19.3903,0.00792843,-6.28314
19.4003,0.00791217,-6.28314
19.4103,0.00789594,-6.28314
19.4203,0.00787974,-6.28314
19.4303,0.00786358,-6.28314
19.4403,0.00784745,-6.28314
19.4503,0.00783135,-6.28314
19.4604,0.00781528,-6.28314
19.4704,0.00779925,-6.28314
19.4804,0.00778325,-6.28314
19.4904,0.00776728,-6.28314
19.5004,0.00775135,-6.28314
19.5104,0.00773545,-6.28314
19.5204,0.00771958,-6.28314
19.5304,0.00770374,-6.28314
19.5404,0.00768794,-6.28314
19.5504,0.00767217,-6.28314
19.5604,0.00765643,-6.28314
19.5704,0.00764073,-6.28314
19.5804,0.00762506,-6.28314
19.5904,0.00760942,-6.28314
19.6004,0.00759381,-6.28314
19.6104,0.00757823,-6.28314
19.6204,0.00756269,-6.28314
19.6304,0.00754718,-6.28314
19.6404,0.0075317,-6.28314
19.6504,0.00751625,-6.28314
19.6604,0.00750083,-6.28314
19.6704,0.00748545,-6.28314
19.6804,0.00747009,-6.28314
19.6904,0.00745477,-6.28314
19.7004,0.00743948,-6.28314
19.7104,0.00742422,-6.28314
19.7204,0.00740899,-6.28314
19.7304,0.00739379,-6.28314
19.7404,0.00737862,-6.28314
19.7504,0.00736349,-6.28314
19.7604,0.00734838,-6.28314
19.7704,0.00733331,-6.28314
19.7804,0.00731827,-6.28314
19.7904,0.00730326,-6.28314
19.8004,0.00728828,-6.28314
19.8104,0.00727333,-6.28314
19.8204,0.00725841,-6.28314
19.8304,0.00724352,-6.28314
19.8404,0.00722867,-6.28314
19.8504,0.00721384,-6.28314
19.8604,0.00719904,-6.28314
19.8704,0.00718428,-6.28314
19.8804,0.00716954,-6.28314
19.8904,0.00715483,-6.28314
19.9004,0.00714016,-6.28314
19.9104,0.00712551,-6.28314
19.9204,0.0071109,-6.28314
19.9304,0.00709631,-6.28314
19.9404,0.00708176,-6.28314
19.9504,0.00706723,-6.28314
19.9604,0.00705273,-6.28314
19.9704,0.00703827,-6.28314
19.9804,0.00702383,-6.28314
19.9904,0.00700942,-6.28314
